name,contributions
August Pfluger,832760
Mike Conaway,439723.01
Cynthia Jean Breyman,2500
Jon Mark Hogg,7043.05
J. Ross Lacey,148236.03
Richard Bartlett,22350
Wesley Virdell,0
Ross Alan Schumann,0
Brandon Batch,0
Robert Tucker,0
Wacey Alpha Cody,0
Jeffrey Cady,0
James Berryhill,0
Ned Luscombe,0
Casey Gray,0
James Faircloth,0
